conc_M_avg_5_DOPC,DOPC_NDMC_avg5,stdev_NDMC_DOPC_avg5
0,-4.14E-18,2.09E-17
5.00E-07,0.18,0.0594075
1.00E-06,0.322,0.116801
2.00E-06,0.821,0
5.00E-06,1.29,0.266784
1.00E-05,1.72,0.258143
2.00E-05,1.99,0.128156
5.00E-05,2.29,0.0891986
0.0001,2.43949,0
0.0002,2.72222,0
